planner,mapName,problemIndex,numSteps,cost,timespent,success
0,./map1.txt,0,7,15.852788307179585,0.0057631169984233566,True
0,./map2.txt,1,6,5.943242999999999,0.004200869996566325,True
1,./map1.txt,0,8,18.206100307179582,0.005263300001388416,True
1,./map2.txt,1,5,5.708243,0.004957789002219215,True
2,./map1.txt,0,2,9.503305,6.834396123995248,True
2,./map2.txt,1,2,4.3196829999999995,0.004145364000578411,True
3,./map1.txt,0,8,20.459164307179584,6.61567511499743,True
3,./map2.txt,1,11,16.202655999999998,3.8375580110005103,True
