planner,mapName,problemIndex,numSteps,cost,timespent,success
0,./map1.txt,0,12,22.479317,0.00360090599860996,True
0,./map2.txt,1,3,4.3196829999999995,0.004203460004646331,True
1,./map1.txt,0,15,29.1657816,0.006308355004875921,True
1,./map2.txt,1,5,5.721603,0.004180474003078416,True
2,./map1.txt,0,2,9.503305,0.00475688099686522,True
2,./map2.txt,1,3,4.3196829999999995,0.004860404005739838,True
3,./map1.txt,0,4,9.912228307179586,1.3951488059974508,True
3,./map2.txt,1,4,5.639552999999999,3.34800870201434,True
